{
    "t": 61002.0,
    "e": 0.39039777298542444,
    "q": 1.0059188243261066,
    "tp": 61214.63687323935,
    "om": 3.7422838532742024,
    "w": 6.28216201063727,
    "i": 0.18651518237382025,
    "a2": 1.0043516622570046e-13
}